,cases,deaths,recoveries,active
1/22/20,0,0,0,0
1/23/20,100,1,2,97
1/24/20,287,8,7,272
1/25/20,493,16,3,474
1/26/20,683,14,14,655
1/27/20,809,26,9,774
1/28/20,2651,49,43,2559
1/29/20,589,2,19,568
1/30/20,2068,39,18,2011
1/31/20,1690,42,80,1568
2/1/20,2111,46,62,2003
2/2/20,4749,104,189,4456
2/3/20,3100,64,151,2885
2/4/20,4012,66,230,3716
2/5/20,3745,72,273,3400
2/6/20,3162,70,363,2729
2/7/20,3594,85,523,2986
2/8/20,2731,87,601,2043
2/9/20,3031,100,630,2301
2/10/20,2609,107,702,1800
2/11/20,2043,100,735,1208
2/12/20,418,5,467,-54
2/13/20,15152,253,1143,13756
2/14/20,6528,152,1767,4609
2/15/20,2143,143,1336,664
2/16/20,2183,104,1470,609
2/17/20,2035,98,1720,217
2/18/20,1882,140,1765,-23
2/19/20,500,115,1771,-1386
2/20/20,561,125,2058,-1622
2/21/20,630,4,713,-87
2/22/20,1762,208,3998,-2444
2/23/20,382,11,505,-134
2/24/20,568,160,1832,-1424
2/25/20,854,80,2678,-1904
2/26/20,972,61,2481,-1570
2/27/20,1344,43,2894,-1593
2/28/20,1424,59,3432,-2067
2/29/20,1871,70,3071,-1270
3/1/20,2379,54,2936,-611
3/2/20,1980,90,2884,-994
3/3/20,2612,74,2622,-84
3/4/20,2344,96,2943,-695
3/5/20,2740,95,2626,19
3/6/20,3984,114,2068,1802
3/7/20,4137,104,2494,1539
3/8/20,3798,242,2337,1219
3/9/20,4295,194,1800,2301
3/10/20,4759,275,1907,2577
3/11/20,7476,352,2597,4527
3/12/20,6756,321,1329,5106
3/13/20,13194,503,1927,10764
3/14/20,10888,426,2367,8095
3/15/20,11233,671,3409,7153
3/16/20,14567,711,2055,11801
3/17/20,15174,851,2744,11579
3/18/20,17561,956,2487,14118
3/19/20,27087,1142,1641,24304
3/20/20,29530,1574,2445,25511
3/21/20,32427,1808,4247,26372
3/22/20,34212,1828,6217,26167
3/23/20,42555,2096,488,39971
3/24/20,41883,2426,9619,29838
3/25/20,51481,2971,5779,42731
3/26/20,60814,3253,8372,49189
3/27/20,63931,3639,8785,51507
3/28/20,69582,4049,8511,57022
3/29/20,56516,3819,9456,43241
3/30/20,65011,4370,15336,45305
3/31/20,78442,5168,13590,59684
4/1/20,86357,6644,15272,64441
4/2/20,82448,6253,17143,59052
4/3/20,84210,6502,15422,62286
4/4/20,60121,6359,20412,33350
4/5/20,71715,5921,13836,51958
4/6/20,74726,6427,16709,51590
4/7/20,68938,8517,23262,37159
4/8/20,82176,7220,28882,46074
4/9/20,87181,8155,25254,53772
4/10/20,86422,7741,21738,56943
4/11/20,75515,6982,26250,42283
4/12/20,118581,6514,19383,92684
4/13/20,71832,6513,27257,38062
4/14/20,84633,7357,25074,52202
4/15/20,78256,8765,36539,32952
4/16/20,94468,7712,30883,55873
4/17/20,87880,8888,26184,52808
4/18/20,78252,6430,23866,47956
4/19/20,76322,6101,31783,38438
4/20/20,76482,6511,22178,47793
4/21/20,76087,7196,34802,34089
4/22/20,82038,7279,30085,44674
4/23/20,82717,7270,28730,46717
4/24/20,83563,6838,50029,26696
4/25/20,83205,6050,27755,49400
4/26/20,70795,4816,28812,37167
4/27/20,70984,5445,27884,37655
4/28/20,75832,6629,33212,35991
4/29/20,77328,6980,42077,28271
4/30/20,83652,6253,65116,12283
5/1/20,88946,5587,38157,45202
5/2/20,78262,6046,40651,31565
5/3/20,73997,4275,32533,37189
5/4/20,77637,4845,34086,38706
5/5/20,79685,6147,36473,37065
5/6/20,90422,6760,46119,37543
5/7/20,89138,5866,39525,43747
5/8/20,90483,5955,36413,48115
5/9/20,84343,4918,53441,25984
5/10/20,75223,4338,33809,37076
5/11/20,76141,4078,46885,25178
5/12/20,85280,5730,37042,42508
5/13/20,84348,5437,55872,23039
5/14/20,95642,5749,39711,50182
5/15/20,95902,5753,48103,42046
5/16/20,93890,4541,56411,32938
5/17/20,78363,3880,41008,33475
5/18/20,89132,4395,52916,31821
5/19/20,95818,4968,52052,38798
5/20/20,105423,5406,58970,41047
5/21/20,105973,5035,51220,49718
5/22/20,107342,5706,108547,-6911
5/23/20,104150,4454,54834,44862
5/24/20,93216,3400,55527,34289
5/25/20,88223,1694,63729,22800
5/26/20,92362,4780,55152,32430
5/27/20,102556,5220,63327,34009
5/28/20,119993,4991,66863,48139
5/29/20,121436,5156,77265,39015
5/30/20,135043,4359,70450,60234
5/31/20,102860,3287,76384,23189
6/1/20,100264,3741,54925,41598
6/2/20,122641,5271,104112,13258
6/3/20,111216,5621,79091,26504
6/4/20,138230,5528,70070,62632
6/5/20,133406,5057,69165,59184
6/6/20,129330,4140,72204,52986
6/7/20,111012,3257,55109,52646
6/8/20,103048,4455,151611,-53018
6/9/20,125982,5045,82270,38667
6/10/20,137162,5426,79171,52565
6/11/20,136186,5137,85879,45170
6/12/20,127474,4743,79720,43011
6/13/20,133908,4393,85892,43623
6/14/20,131947,3782,70819,57346
6/15/20,124912,4067,80275,40570
6/16/20,143899,7118,97863,38918
6/17/20,143202,5477,118831,18894
6/18/20,143094,5354,81163,56577
6/19/20,180996,6358,94990,79648
6/20/20,185883,4482,115854,65547
6/21/20,93062,4644,68686,19732
6/22/20,142332,3867,91633,46832
6/23/20,168123,5569,104055,58499
6/24/20,171436,5498,115751,50187
6/25/20,179515,5110,92884,81521
6/26/20,192490,5083,105980,81427
6/27/20,176412,4736,106286,65390
6/28/20,168457,3621,89203,75633
6/29/20,152682,4072,94571,54039
6/30/20,183771,5252,117340,61179
7/1/20,215128,5341,115914,93873
7/2/20,204970,5514,284934,-85478
7/3/20,202638,5240,109888,87510
7/4/20,189714,4794,195760,-10840
7/5/20,186220,3845,119363,63012
7/6/20,168273,4268,123699,40306
7/7/20,209569,6360,145033,58176
7/8/20,215286,5629,158056,51601
7/9/20,224596,5849,134618,84129
7/10/20,232881,5742,139446,87693
7/11/20,212820,5141,125692,81987
7/12/20,192932,4302,111836,76794
7/13/20,194478,4436,140323,49719
7/14/20,221027,5985,142252,72790
7/15/20,229786,5919,159806,64061
7/16/20,244912,6162,152485,86265
7/17/20,237420,7038,183421,46961
7/18/20,235341,6530,150787,78024
7/19/20,211891,4894,88058,118939
7/20/20,208144,3966,159128,45050
7/21/20,243021,6338,174696,61987
7/22/20,275356,7418,179732,88206
7/23/20,279631,6637,176230,96764
7/24/20,283506,6462,228300,48744
7/25/20,249557,6065,219812,23680
7/26/20,211809,4409,143301,64099
7/27/20,234386,5296,171383,57707
7/28/20,263887,6938,170458,86491
7/29/20,270234,6628,202586,61020
7/30/20,281781,6777,213519,61485
7/31/20,287462,6610,199606,81246
8/1/20,246271,5986,180911,59374
8/2/20,230611,4687,138724,87200
8/3/20,206057,4857,222445,-21245
8/4/20,265304,7171,223657,34476
8/5/20,275156,7377,221695,46084
8/6/20,286702,6847,188807,91048
8/7/20,282434,6753,192046,83635
8/8/20,265227,6024,200244,58959
8/9/20,232995,5194,178778,49023
8/10/20,233212,5377,164211,63624
8/11/20,265563,6615,305068,-46120
8/12/20,275070,6973,240645,27452
8/13/20,290094,6787,163916,119391
8/14/20,307073,6567,283242,17264
8/15/20,249026,6054,168604,74368
8/16/20,210041,4800,232954,-27713
8/17/20,212882,4623,211012,-2753
8/18/20,259404,7056,227595,24753
8/19/20,277474,6423,217997,53054
8/20/20,271479,6427,207790,57262
8/21/20,261953,5772,168494,87687
8/22/20,263529,5789,209917,47823
8/23/20,202759,4307,216531,-18079
8/24/20,228100,4857,199421,23822
8/25/20,245208,6563,231549,7096
8/26/20,281691,6537,225734,49420
8/27/20,287263,6215,207237,73811
8/28/20,283939,5825,199118,78996
8/29/20,260734,5788,211413,43533
8/30/20,219738,4274,210240,5224
8/31/20,264307,4433,200790,59084
9/1/20,266884,6601,257962,2321
9/2/20,281890,6317,219237,56336
9/3/20,285430,6100,221369,57961
9/4/20,301732,5840,213501,82391
9/5/20,273721,5093,200988,67640
9/6/20,228998,4135,211791,13072
9/7/20,217283,9623,197548,10112
9/8/20,246512,5123,201797,39592
9/9/20,285310,6265,240267,38778
9/10/20,304393,6002,216661,81730
9/11/20,316362,5999,223670,86693
9/12/20,288725,5058,222934,60733
9/13/20,248835,3963,187848,57024
9/14/20,267140,4607,228499,34034
9/15/20,280552,6562,226287,47703
9/16/20,304952,5868,229477,69607
9/17/20,315573,5648,220211,89714
9/18/20,326646,5852,251149,69645
9/19/20,293119,5273,236985,50861
9/20/20,255129,3982,237077,14070
9/21/20,259909,4428,245478,10003
9/22/20,284319,6151,219393,58775
9/23/20,311653,6551,263413,41689
9/24/20,320953,5668,255670,59615
9/25/20,330614,6017,239208,85389
9/26/20,286111,5432,262143,18536
9/27/20,246994,3885,213879,29230
9/28/20,261249,4114,222542,34593
9/29/20,282800,6048,241284,35468
9/30/20,324547,6426,248218,69903
10/1/20,319112,8894,221542,88676
10/2/20,329505,5730,172285,151490
10/3/20,297355,4784,255601,36970
10/4/20,260532,4041,222159,34332
10/5/20,311345,7089,237468,66788
10/6/20,316123,5862,232626,77635
10/7/20,349194,5921,255191,88082
10/8/20,359321,6383,219506,133432
10/9/20,360403,6180,206790,147433
10/10/20,355524,4905,195405,155214
10/11/20,289494,4195,222640,62659
10/12/20,290025,4127,200119,85779
10/13/20,319372,5349,192445,121578
10/14/20,380784,6163,212285,162336
10/15/20,406996,6209,207327,193460
10/16/20,410520,6213,203014,201293
10/17/20,372133,5727,198283,168123
10/18/20,331243,3959,201511,125773
10/19/20,374950,4842,202531,167577
10/20/20,388874,6624,211447,170803
10/21/20,439611,6903,211222,221486
10/22/20,482077,5978,226793,249306
10/23/20,493901,7104,206734,280063
10/24/20,456345,5918,211581,238846
10/25/20,358833,4365,197258,157210
10/26/20,483044,5839,239135,238070
10/27/20,468463,7386,589705,-128628
10/28/20,521769,7175,265962,248632
10/29/20,551375,7237,246751,297387
10/30/20,571742,7775,255774,308193
10/31/20,472105,6671,244329,221105
11/1/20,439189,5356,257947,175886
11/2/20,548369,6457,280137,261775
11/3/20,565514,9572,251573,304369
11/4/20,492144,9893,279319,202932
11/5/20,619334,8740,303655,306939
11/6/20,623183,9156,288361,325666
11/7/20,599191,7786,299016,292389
11/8/20,490849,6401,253240,231208
11/9/20,509806,7581,257053,245172
11/10/20,570745,9775,257360,303610
11/11/20,624665,10417,380224,234024
11/12/20,640195,9715,226239,404241
11/13/20,660934,9897,302132,348905
11/14/20,587026,9169,277819,300038
11/15/20,490228,6928,230760,252540
11/16/20,525634,8054,390730,126850
11/17/20,602312,10969,433591,157752
11/18/20,622265,11466,363110,247689
11/19/20,653986,11140,374299,268547
11/20/20,674031,11778,355424,306829
11/21/20,592571,9305,339270,243996
11/22/20,498080,7669,273724,216687
11/23/20,534010,8725,411213,114072
11/24/20,590786,12511,372179,206096
11/25/20,617079,11993,437410,167676
11/26/20,589261,10942,366876,211443
11/27/20,695342,11521,381626,302195
11/28/20,607567,9517,359706,238344
11/29/20,495621,7653,318283,169685
11/30/20,506577,9079,402256,95242
12/1/20,614903,12387,476204,126312
12/2/20,640247,12486,462926,164835
12/3/20,690597,12707,426984,250906
12/4/20,696359,12431,490617,193311
12/5/20,642352,10604,435948,195800
12/6/20,543941,8095,316044,219802
12/7/20,534846,8832,413139,112875
12/8/20,630666,12037,440771,177858
12/9/20,665350,12569,426480,226301
12/10/20,1495407,12418,491226,991763
12/11/20,705751,13182,478140,214429
12/12/20,648690,10829,1504943,-867082
12/13/20,538794,8229,395119,135446
12/14/20,551156,9194,-5989997,6531959
12/15/20,648621,13223,358164,277234
12/16/20,717542,13907,362220,341415
12/17/20,738602,13166,375409,350027
12/18/20,721438,13065,317728,390645
12/19/20,635505,11258,351586,272661
12/20/20,547301,8379,276829,262093
12/21/20,546222,9485,343220,193517
12/22/20,651457,13844,363185,274428
12/23/20,682095,13741,324140,344214
12/24/20,693391,12209,314672,366510
12/25/20,493224,8624,291606,192994
12/26/20,532644,8353,408164,116127
12/27/20,413194,8154,292388,112652
12/28/20,499185,9546,298426,191213
12/29/20,671875,14937,353095,303843
12/30/20,725300,15442,388245,321613
12/31/20,839728,13463,298332,527933
1/1/21,563692,9641,303304,250747
1/2/21,604376,9462,255185,339729
1/3/21,520330,7940,268482,243908
1/4/21,557441,9950,290408,257083
1/5/21,740890,15419,315361,410110
1/6/21,790913,14921,313125,462867
1/7/21,869958,14963,323931,531064
1/8/21,835415,15290,297263,522862
1/9/21,756267,13316,330245,412706
1/10/21,601539,9557,270550,321432
1/11/21,614474,10279,290288,313907
1/12/21,692536,16962,343557,332017
1/13/21,743273,16466,366061,360746
1/14/21,759058,15720,372845,370493
1/15/21,783853,15717,320622,447514
1/16/21,656872,14033,317055,325784
1/17/21,527610,9870,315715,202025
1/18/21,517247,10448,318753,188046
1/19/21,592782,15680,402944,174158
1/20/21,687206,17749,327771,341686
1/21/21,668756,17293,366139,285324
1/22/21,663486,16059,381757,265670
1/23/21,576716,14565,316493,245658
1/24/21,461982,9762,310957,141263
1/25/21,481552,11142,314441,155969
1/26/21,561312,17415,329543,214354
1/27/21,600964,16916,340769,243279
1/28/21,615115,16526,315659,282930
1/29/21,588982,15763,364107,209112
1/30/21,514864,13285,351166,150413
1/31/21,396609,9549,288899,98161
2/1/21,443002,10248,272642,160112
2/2/21,465454,14857,350190,100407
2/3/21,525249,15859,329847,179543
2/4/21,471774,12927,293989,164858
2/5/21,536505,17181,281287,238037
2/6/21,435198,11855,294557,128786
2/7/21,351548,7768,277435,66345
2/8/21,339917,9560,232834,97523
2/9/21,407290,14730,371608,20952
2/10/21,440464,13857,269308,157299
2/11/21,443767,13870,276085,153812
2/12/21,429589,12879,287599,129111
2/13/21,380488,10686,246243,123559
2/14/21,308645,7106,195431,106108
2/15/21,280822,7817,288613,-15608
2/16/21,359793,11103,235405,113285
2/17/21,386379,11355,293941,81083
2/18/21,410800,11989,236618,162193
2/19/21,409662,11658,234636,163368
2/20/21,375210,9096,269216,96898
2/21/21,319563,6791,217257,95515
2/22/21,295569,7247,182570,105752
2/23/21,392742,11481,278630,102631
2/24/21,444930,12442,209459,223029
2/25/21,452964,11003,227692,214269
2/26/21,441940,10549,260268,171123
2/27/21,396737,8730,250722,137285
2/28/21,307785,6500,175177,126108
3/1/21,305501,7508,214926,83067
3/2/21,313263,10257,270104,32902
3/3/21,441846,11557,229408,200881
3/4/21,458408,10405,250280,197723
3/5/21,449097,10541,226360,212196
3/6/21,414027,8257,236503,169267
3/7/21,374444,6081,238320,130043
3/8/21,305469,7193,274558,23718
3/9/21,414044,10493,262233,141318
3/10/21,458867,10157,235356,213354
3/11/21,489680,10213,272617,206850
3/12/21,489248,9864,268556,210828
3/13/21,455596,8652,252532,194412
3/14/21,365075,5991,245688,113396
3/15/21,354084,7507,289879,56698
3/16/21,467034,10613,266485,189936
3/17/21,545716,10590,264536,270590
3/18/21,547929,10721,269076,268132
3/19/21,562539,10816,279061,272662
3/20/21,498447,8743,258211,231493
3/21/21,440469,8552,280099,151818
3/22/21,421191,7966,334629,78596
3/23/21,505839,11485,313142,181212
3/24/21,629699,10608,335642,283449
3/25/21,652193,11553,311817,328823
3/26/21,640042,12769,364586,262687
3/27/21,584533,10210,305253,269070
3/28/21,492654,7285,328788,156581
3/29/21,459276,8663,304436,146177
3/30/21,562206,11901,335243,215062
3/31/21,673896,12931,382509,278456
4/1/21,709819,12302,344786,352731
4/2/21,644785,10652,320207,313926
4/3/21,540350,9339,366001,165010
4/4/21,559922,7428,348188,204306
4/5/21,496989,8254,347813,140922
4/6/21,607494,12453,369996,225045
4/7/21,663139,15359,483305,164475
4/8/21,836056,14301,395259,426496
4/9/21,747318,14345,453713,279260
4/10/21,670644,13006,384994,272644
4/11/21,709612,9123,530472,170017
4/12/21,613846,9908,394732,209206
4/13/21,763824,13794,486462,263568
4/14/21,811314,14090,446890,350334
4/15/21,821231,13656,444402,363173
4/16/21,859850,13380,504117,342353
4/17/21,793987,12617,518536,262834
4/18/21,700110,9139,580191,110780
4/19/21,690932,11134,535375,144423
4/20/21,839597,14294,604837,220466
4/21/21,889242,14753,512300,362189
4/22/21,899401,13921,636296,249184
4/23/21,907659,15261,639832,252566
4/24/21,824230,13132,576291,234807
4/25/21,728486,10773,533814,183899
4/26/21,689050,11630,687366,-9946
4/27/21,839122,15001,680904,143217
4/28/21,898791,15945,596665,286181
4/29/21,894035,15739,707316,170980
4/30/21,891369,14419,686596,190354
5/1/21,794910,13039,682450,99421
5/2/21,687271,10331,693014,-16074
5/3/21,690457,11685,643489,35283
5/4/21,784956,14059,656900,113997
5/5/21,842001,14904,713482,113615
5/6/21,872846,14576,675612,182658
5/7/21,834826,14465,696129,124232
5/8/21,788298,13329,711005,63964
5/9/21,649409,10474,662793,-23858
5/10/21,625644,11092,628686,-14134
5/11/21,725799,14171,751004,-39376
5/12/21,767487,14141,647549,105797
5/13/21,734699,13435,690117,31147
5/14/21,709565,13028,665347,31190
5/15/21,631612,12285,642537,-23210
5/16/21,546622,10301,667404,-131083
5/17/21,543542,11330,744462,-212250
5/18/21,619638,14076,743113,-137551
5/19/21,672045,13457,698027,-39439
5/20/21,282306,13180,636689,-367563
5/21/21,626475,12976,614788,-1289
5/22/21,572361,11445,616761,-55845
5/23/21,481623,9864,501971,-30212
5/24/21,451078,9146,627592,-185660
5/25/21,533407,12982,577063,-56638
5/26/21,568428,12807,555813,-192
5/27/21,546897,12940,697358,-163401
5/28/21,505511,12021,554963,-61473
5/29/21,480420,10807,507600,-37987
5/30/21,389947,8400,489929,-108382
5/31/21,387056,8697,529169,-150810
6/1/21,460004,15214,583883,-139093
6/2/21,487628,11926,528374,-52672
6/3/21,480499,10158,429190,41151
6/4/21,424891,10659,525502,-111270
6/5/21,396651,9413,478130,-90892
6/6/21,322981,7306,441526,-125851
6/7/21,321767,8075,421997,-108305
6/8/21,370117,10654,414736,-55273
6/9/21,418292,10183,452695,-44586
6/10/21,453504,15980,413689,23835
6/11/21,422037,11740,375532,34765
6/12/21,368380,9810,338974,19596
6/13/21,302801,9271,429661,-136131
6/14/21,309302,7991,346774,-45463
6/15/21,374757,10751,460145,-96139
6/16/21,389175,10083,349227,29865
6/17/21,395995,9299,380478,6218
6/18/21,403507,9193,319563,74751
6/19/21,347298,8081,331850,7367
6/20/21,304764,6868,265094,32802
6/21/21,296655,6984,357218,-67547
6/22/21,410214,8985,303404,97825
6/23/21,396623,9346,399743,-12466
6/24/21,409259,8661,289711,110887
6/25/21,417668,9234,328647,79787
6/26/21,362897,7542,294559,60796
6/27/21,311236,6095,258739,46402
6/28/21,333018,6561,327456,-999
6/29/21,381208,8159,293416,79633
6/30/21,399468,9205,280941,109322
7/1/21,435542,8541,427856,-855
7/2/21,442342,8376,291042,142924
7/3/21,373827,6903,269775,97149
7/4/21,327744,6640,298888,22216
7/5/21,377917,7391,366993,3533
7/6/21,450531,8482,327843,114206
7/7/21,465242,8554,268163,188525
7/8/21,481879,8920,292651,180308
7/9/21,513236,8417,339118,165701
7/10/21,421113,6564,444204,-29655
7/11/21,369892,7631,290486,71775
7/12/21,434164,8142,302236,123786
7/13/21,525659,8381,283447,233831
7/14/21,537982,8591,329741,199650
7/15/21,576427,8635,281056,286736
7/16/21,595938,8761,390705,196472
7/17/21,488850,7510,280789,200551
7/18/21,420209,6603,316483,97123
7/19/21,489467,7226,306721,175520
7/20/21,532419,20699,320180,191540
7/21/21,556108,8667,306583,240858
7/22/21,565189,8781,356128,200280
7/23/21,728140,8331,246390,473419
7/24/21,431919,8664,517226,-93971
7/25/21,445614,7382,327417,110815
7/26/21,540627,8506,300460,231661
7/27/21,606330,9789,345839,250702
7/28/21,650083,10122,336663,303298
7/29/21,642869,10266,348388,284215
7/30/21,732354,9603,307191,415560
7/31/21,517345,8844,303929,204572
8/1/21,483068,7419,289178,186471
8/2/21,571103,8151,283144,279808
8/3/21,634275,10353,304468,319454
8/4/21,680458,10492,317060,352906
